,learning times,layer,node,learning rate,gene number,train_acc,test_acc
0,1000,3,1000 500 50,0.005,30,0.9708932042121887,0.9409999847412109
1,1000,4,1000 500 500 50,0.005,30,0.9708932042121887,0.9490000009536743
2,1000,3,500 500 50,0.005,30,0.9712679386138916,0.9484999775886536
3,1000,4,500 500 500 50,0.005,30,0.9707682728767395,0.9459999799728394
4,1000,3,2000 1000 50,0.005,30,0.5384134650230408,0.5329999923706055
5,1000,4,2000 1000 500 50,0.005,30,0.9627732634544373,0.8460000157356262
6,1000,3,500 1000 50,0.005,30,0.5384134650230408,0.5329999923706055
7,1000,4,2000 2000 500 50,0.005,30,0.9521548748016357,0.906000018119812
