,learning times,layer,node,learning rate,gene number,train_acc,test_acc
0,1000,3,1000 500 50,0.005,30,0.9843847751617432,0.9449999928474426
1,1000,4,1000 500 500 50,0.005,30,0.9917551279067993,0.953499972820282
2,1000,3,500 500 50,0.005,30,0.9726421236991882,0.9394999742507935
3,1000,4,500 500 500 50,0.005,30,0.9846345782279968,0.9480000138282776
4,1000,3,2000 1000 50,0.005,30,0.9703934788703918,0.9424999952316284
5,1000,4,2000 1000 500 50,0.005,30,0.963647723197937,0.8870000243186951
6,1000,3,500 1000 50,0.005,30,0.9875078201293945,0.9524999856948853
7,1000,4,2000 2000 500 50,0.005,30,0.9665209054946899,0.906000018119812
