,learning times,layer,node,learning rate,gene number,train_acc,test_acc
0,2000,3,500 500 50,0.0001,10,0.9830148816108704,0.8345000147819519
1,2000,3,500 400 50,0.0001,10,0.9897589683532715,0.8410000205039978
2,2000,4,500 500 500 50,0.0001,10,1.0,0.8510000109672546
