,learning times,layer,node,learning rate,gene number,train_acc,test_acc
0,500,3,500 500 500,0.001,30,0.9509179592132568,0.9449999928474426
1,500,4,2000 2000 500 50,0.001,30,0.9537904262542725,0.9380000233650208
