,learning times,layer,node,learning rate,gene number,train_acc,test_acc
0,1000,3,1000 500 50,0.005,40,0.9727669954299927,0.9424999952316284
1,1000,4,1000 500 500 50,0.005,40,0.9750156402587891,0.9434999823570251
2,1000,3,500 500 50,0.005,40,0.9702686071395874,0.9430000185966492
3,1000,4,500 500 500 50,0.005,40,0.9733916521072388,0.9415000081062317
4,1000,3,2000 1000 50,0.005,40,0.9716427326202393,0.9394999742507935
5,1000,4,2000 1000 500 50,0.005,40,0.9645221829414368,0.9225000143051147
6,1000,3,500 1000 50,0.005,40,0.9730168581008911,0.9380000233650208
7,1000,4,2000 2000 500 50,0.005,40,0.9738913178443909,0.9424999952316284
