,learning times,layer,node,learning rate,gene number,train_acc,test_acc
0,500,3,1000 500 50,0.005,30,0.545897364616394,0.5329999923706055
1,500,4,2000 2000 500 50,0.005,30,0.9730235934257507,0.9419999718666077
