,learning times,layer,node,learning rate,gene number,train_acc,test_acc
0,1000,3,1000 500 50,0.005,30,0.5356652140617371,0.5440000295639038
1,1000,4,1000 500 500 50,0.005,30,0.9707682728767395,0.9605000019073486
2,1000,3,500 500 50,0.005,30,0.9733916521072388,0.9470000267028809
3,1000,4,500 500 500 50,0.005,30,0.9706433415412903,0.9394999742507935
4,1000,3,2000 1000 50,0.005,30,0.5356652140617371,0.5440000295639038
5,1000,4,2000 1000 500 50,0.005,30,0.952279806137085,0.8700000047683716
6,1000,3,500 1000 50,0.005,30,0.9452841877937317,0.9490000009536743
7,1000,4,2000 2000 500 50,0.005,30,0.9705184102058411,0.9449999928474426
