,learning times,layer,node,learning rate,gene number,train_acc,test_acc
0,2000,3,1000 1000 500,0.0001,30,0.9644061326980591,0.8744999766349792
1,2000,3,1000 500 50,0.0001,30,0.9625327587127686,0.8495000004768372
2,1000,4,1000 500 500 50,0.0001,30,0.9808917045593262,0.828499972820282
3,1500,4,1000 500 500 50,0.0001,30,0.9511677026748657,0.8399999737739563
