,learning times,layer,node,learning rate,gene number,train_acc,test_acc
0,1000,3,1000 500 50,0.005,30,0.9711430072784424,0.9445000290870667
1,1000,4,1000 500 500 50,0.005,30,0.9746408462524414,0.9449999928474426
2,1000,3,500 500 50,0.005,30,0.9702686071395874,0.9459999799728394
3,1000,4,500 500 500 50,0.005,30,0.9756402373313904,0.9465000033378601
4,1000,3,2000 1000 50,0.005,30,0.9702686071395874,0.9480000138282776
5,1000,4,2000 1000 500 50,0.005,30,0.9701436758041382,0.9369999766349792
6,1000,3,500 1000 50,0.005,30,0.9686446189880371,0.9424999952316284
7,1000,4,2000 2000 500 50,0.005,30,0.9737663865089417,0.9190000295639038
