,learning times,layer,node,learning rate,gene number,train_acc,test_acc
0,2000,3,1000 1000 500,0.0001,30,0.9621580839157104,0.8585000038146973
1,2000,3,1000 500 50,0.0001,30,0.9591607451438904,0.8615000247955322
2,1000,4,1000 500 500 50,0.0001,30,0.9592856168746948,0.8349999785423279
3,1500,4,1000 500 500 50,0.0001,30,0.955663800239563,0.8234999775886536
