,learning times,layer,node,learning rate,gene number,train_acc,test_acc
0,1000,3,1000 500 50,0.005,40,0.9820112586021423,0.9629999995231628
1,1000,4,1000 500 500 50,0.005,40,0.9843847751617432,0.953000009059906
2,1000,3,500 500 50,0.005,40,0.9497813582420349,0.9440000057220459
3,1000,4,500 500 500 50,0.005,40,0.9831355214118958,0.9610000252723694
4,1000,3,2000 1000 50,0.005,40,0.9821361899375916,0.9570000171661377
5,1000,4,2000 1000 500 50,0.005,40,0.9812617301940918,0.9559999704360962
6,1000,3,500 1000 50,0.005,40,0.9823859930038452,0.965499997138977
7,1000,4,2000 2000 500 50,0.005,40,0.9827607870101929,0.940500020980835
