,learning times,layer,node,learning rate,gene number,train_acc,test_acc
0,1000,3,1000 500 50,0.005,40,0.9703934788703918,0.9484999775886536
1,1000,4,1000 500 500 50,0.005,40,0.9575265645980835,0.9495000243186951
2,1000,3,500 500 50,0.005,40,0.9542785882949829,0.9394999742507935
3,1000,4,500 500 500 50,0.005,40,0.9530293345451355,0.9465000033378601
4,1000,3,2000 1000 50,0.005,40,0.53853839635849,0.5325000286102295
5,1000,4,2000 1000 500 50,0.005,40,0.9514053463935852,0.9330000281333923
6,1000,3,500 1000 50,0.005,40,0.9602748155593872,0.9419999718666077
7,1000,4,2000 2000 500 50,0.005,40,0.9540287256240845,0.9275000095367432
