"","test","train"
"1",0.705647176411794,0.700149925037481
