"","test","train"
"1",0.791030064070971,0.805917753259779
"2",0.800616649537513,0.799975183025189
"3",0.798081776880363,0.809322033898305
"4",0.794493608652901,0.802534186425794
"5",0.807940446650124,0.800375469336671
