"","test","train"
"1",0.841614906832298,0.845039018952062
"2",0.81686626746507,0.823147106611674
"3",0.833084947839046,0.842467467467467
"4",0.826700251889169,0.845261845386534
"5",0.835828102366007,0.840685656667507
